|10||100||11||12||14||15||16||172||20||21||24||25||26||30||321||36||426||50||72||Ababael||abandoned||Abandoned||Abbey||abbey||abduction||Abide||abilities||ability||able||able-bodied||aboard||abode||abomination||abridgements||absences||abstract||abused||accept||Accept||acceptable||acceptance||accepted||accepts||access||accessible||accomplished||according||According||account||accounts||accumulated||accuracy||accurate||achieve||achieved||Ack||acknowledge||acknowledges||acquiesced||acquired||acquisition||Acquisitions||Acrobacy||acrobacy||Acrobat||acrobat||acrobatic||acrobats||across||Act||act||acted||acting||action||Actions||actions||acts||actual||actually||Actually||adapt||adapted||add||addition||additional||address||administration||administrative||Admiral||admiral||admire||admirer||admirers||admit||admittance||admitted||adopted||adoption||Adoption||advance||advanced||advancement||advances||adventure||adventurer||adventurer's||adventurers||Adventurers||adversary||advice||advocate||AE||Aedra||aedra||afar||affairs||Affairs||affect||affecting||affinitive||afflicted||afflictions||afford||affordable||afore||afore-mentioned||aft||aft-side||afternoon||Afternoon||afterward||afterwards||age||agent||agents||ages||aggressive||agile||agility||ago||agony||agrarian||agree||agreed||agricultural||agriculture||Ah||Ahemmusa||ahemmusa||aid||aim||air||Airen||airen||airships||Akatosh||akatosh||alarm||Alas||alas||alchemist||Alchemists||alchemists||Alchemy||alchemy||alcoholic||Ald||ald||Ald'Ruh||ald'ruh||Ald'ruhn||Ald'Ruhn||ald'ruhn||Ald'ruhn-Under||Ald'ruhn-under-Skar||Ald'ruhn-Under-Skar||Alembic||alembic||alert||alerted||Alessian||alessian||aligned||Alik'r||alik'r||alive||alleviated||alliance||allies||allow||allowed||allowing||allows||Almalexia||almalexia||Almalexial||almalexial||Almoners||almoners||almost||alms||ALMSIVI||Almsivi||almsivi||ALMSIVI's||Aloe||Alof||alof||Alof's||alone||along||already||also||Also||altar||altars||Alteration||Altmer||altmer||always||Always||amateur||Amateurs||Amaya||amaya||amazing||Ambition||ambition||ambitions||ambitious||ambush||among||Among||amount||Amur||amur||amusements||analyze||Anarion||ancestor||Ancestor||ancestor's||ancestors||Ancestors||Ancestory||ancestory||Ancestral||ancestral||Ancienct||ancienct||ancient||Ancient||Andarys||andarys||Andrano's||andrano's||Andus||andus||anew||Angaredhel||angaredhel||anger||angrily||animal||animals||Animals||animated||anon||Anonymous||anonymous||Anonynous||another||another's||answered||answering||anther||anticipate||anticipated||anticipating||Anticipation||Anticipations||antipathy||Anudnabia||anudnabia||anyone||anything||anywhere||apart||apartments||Apographa||apothecaries||apotheosis||apparently||appeal||appear||appearance||appearances||appeared||appearing||appears||applaud||Applications||apply||appointed||appreciate||appreciation||approach||approached||approval||approving||aquatic||Aralor||aralor||Aralor's||Arara||arara||arbitrary||arcane||Arch||arch||Arch-Mage||Archcanon||archcanon||Archcanon's||arched||Archer||Arches||architectural||architecture||Architecture||archives||Archmagister||archmagister||Archmaster||area||Area||areas||aren't||Aren't||Arena||arena||arenas||Arethi||arethi||Argonia||Argonian||argonian||Argonians||argonians||argument||arid||aright||aristocratic||Arkay||arkay||Arkay's||arm||armies||Armiger||armiger||Armigers||armigers||Armistice||Armor||armor||armored||Armorer||armorer||armors||arms||Arnie||arnie||Arobar||arobar||around||arrangement||arrhythmic||arrived||arrogance||arrogant||Arrow||arrow||arrowroot||Arrowroot||Art||arthritis||Articles||artifact||artist||artistic||Arts||arts||Aruhn||aruhn||Arvel||arvel||Arvs||arvs||Arvs-Drelen||Aryni||aryni||Aryon||aryon||Ascadian||ascadian||ash||Ash||ash-blight||Ashalmawia||ashalmawia||ashes||Ashinabi||ashinabi||Ashkhan||Ashland||ashland||Ashlander||ashlander||Ashlanderlegend||Ashlanders||ashlanders||Ashlands||ashlands||ashore||ashpits||aside||ask||asked||asking||asks||asleep||aspect||aspects||aspersions||aspires||ass||Assarnibibi||assarnibibi||assassination||assemble||assent||assignment||assignments||assimilated||assist||associated||assume||assumed||assuming||assured||Assurnabitashpi||assurnabitashpi||astonish||astound||astride||ate||athletics||Athyn||athyn||atmosphere||atone||atronachs||ATTACHMENT||attack||attacker||attacks||attain||attained||attempt||attempts||attention||attributes||Aundae||aundae||Aunius||authorities||authority||Authority||automatically||Autrus||availability||available||avoid||avoided||awakened||awakening||award||aware||away||AWD||awoke||axes||Ayem||AYEM||Azura||azura||Azura's||azura's||B'vek||Baar||back||backwards||backwoods||bad||badlands||Bael||bael||Bake||baked||Bal||bal||Bal's||bal's||balance||balanced||ball||Balladeer's||Balmora||balmora||Balmora's||balmora's||bandits||banished||bank||banked||banks||banner||Baranat||baranat||Baranat's||Barelo||barelo||bargain||bargaining||Bargaining||Barons||barren||barrier||based||bases||basic||basin||basis||bath||batter||battered||battle||Battle||battlefields||battlemage||battlemage's||Battlemages||battlemages||battles||Battlespire||battlespire||battling||bauble||Bay||bay||beacon||Beans||bearer||bearing||bears||beast||beastman||beastmen||beasts||Beasts||Beat||beats||beautiful||beauty||became||become||Become||becoming||bed||bedroom||Bedrooms||bedrooms||beds||beetles||Befriend||beg||began||beginning||begins||begun||behalf||behind||behold||beings||Belas||belas||beliefs||believe||believed||believes||belong||beloved||bend||beneath||Beneath||Benediction||beneficial||benefits||benevolent||benign||benison||Benitah||benitah||Berandas||berandas||berate||Berne||berne||Bero||bero||berry||Berwen||berwen||Beshara||beshara||beside||best||betoken||Betony||betrayal||betrayed||better||Better||beverage||beverages||bewilderment||beyond||Beyond||biers||Big||big||bind||binding||bindings||birds||birth||birthplace||bit||bite||Bitter||bitter||bitter-tasting||Bittergreen||bittergreen||Black||black||blackmail||blade||bladed||blades||blame||Blasphemous||blasphemy||bleeds||blend||Blessed||blessed||Blessing||blessing||blessings||blight||Blight||blighted||blinded||blinding||blindly||bloatroot||block||blocked||blocker||blocking||blocks||blood||Blood||blood-drinking||blood-seeking||blood-soaked||Blooded||bloodfree||bloodline||bloodlines||bloodshed||Bloody||bloody||Bloom||blossoms||blow||Blow||blows||Blue||blue||blunt||board||boasting||boat||Boat||boats||bodied||bodies||body||body's||Boethiah||boethiah||Boethiah's||Boiled||boiled||boiling||BOK||bold||Bold||Boldrisa||boldrisa||bolt||Bolvyn||bolvyn||bond||bonded||bone||bonelord||Bonelord||Bonelords||bonelords||Boneman's||Bonemeal||bonemeal||Bonemen||bones||Bones||bonewalker||Bonewalker||bonewalker's||bonewalkers||Bonewalkers||Book||book||books||Books||bookseller||Bookseller||boost||bordering||born||Bosmer||bosmer||Bosmeri||Boss||bother||bottom||bought||boulder||bound||bounded||bounties||bounty||bow||bowed||bowells||bowels||bowl||boy||branch||branches||Branora||branora||Brara||brara||brave||bravery||bread||Break||break||breath||Breath||breathed||breathing||Breathing||Bretonnia||Bretons||bretons||bridge||bridges||brigands||bright||bring||bringing||brings||broken||Brooding||brother||brother-sister||brothers||brought||Brown||brown||BSQ||Buckmoth||buckmoth||bug||build||building||buildings||built||bulges||bulk||bullies||bully||bunch||Buoyant||buoyant||burden||burdens||burdensome||bureaucracy||bureaucratic||burial||Burial||buried||burlap||burn||burned||burning||Burrow||burrow||burst||burying||business||busy||butchers||buy||buyer||Buying||buying||cachous||Caecilly||caecilly||cages||cairn||Caldera||caldera||Calissah||Calissiah||calissiah||call||called||calling||Callonus||callonus||calm||calmly||came||Camonna||camonna||camp||camps||can't||Canal||canal||Canal's||canals||candidate||candidate's||candidates||Candidates||cannibalism||cannot||Cantatas||Canton||canton||cantons||Cantons||capable||Capn's||caps||captain||Captain||carapace||caravan||Caravans||carcass||card||care||career||careful||carefully||careless||carelessness||cares||caring||carriage||carries||carry||carrying||case||cases||cast||casting||Castle||castle||castles||casts||Casual||casual||catch||catching||catgut||cats||cattle||caught||causing||cautious||Cave||cave||cavern||caverns||ceaseless||celebrating||celebration||celestial||cells||Cells||cemetery||Census||center||centered||centers||Central||central||centuries||certain||certainly||chain||Chained||chair||challenge||challenged||challenges||challenging||Chamber||chamber||Chambers||chambers||chance||chanced||chances||change||changing||Chapel||Chapels||chapter||Chapters||character||charge||charges||charismatic||Charity||Charter||charter||chartered||cheap||cheaply||cheating||cheese||cherished||chests||Chief||child||children||children's||chilled||Chimer||chimer||Chimere||chimere||Chimere's||Chimeri||chin||chits||chivalrous||choice||chokeweed||chopped||chose||chosen||chronicles||circuitous||citadel||Citations||cities||citizen's||citizens||Citizens||citizenship||City||city||city's||citywatch||Civility||civilized||claimed||claims||clamped||clan||Clan||clankin||clans||classes||classic||classifications||clean||cleanse||clear||Clear||clears||clerk||clever||cleverest||clients||cliff||climate||climbing||Clockwork||close||Close||closed||cloth||clothes||clothier||cloud||clouds||Club||club||co||co-rulers||Coast||coast||Coastguard||coastline||coasts||Cobblers||cobblers||coda||Code||Codes||codes||Codus||codus||coin||coins||cold||collect||collected||collection||collectively||Collectively||colleges||colonists||colonization||colony||colors||colossal||Colovia||colovia||combat||comberry||combinations||combine||Combine||Combova||combova||come||Come||comes||comfort||Comfort||comfortable||comforted||comic||coming||command||commandant||commander||Commands||commands||commencing||comment||comments||Commission||commission||Commodities||common||Common||commoners||commonly||communal||communication||communities||community||Companion||companion||companions||Company||company||compare||compared||compartments||Compassion||compassionate||competing||competition||competitors||complaining||complement||complete||completed||completely||complex||complicated||compliments||components||composed||Compound||compound||compounds||compressed||comprise||comprised||comprising||concealing||conceive||conceptions||concepts||concerning||concerns||condemned||Condense||condition||conditions||condone||conduct||cone||confer||conference||conferred||confess||confidence||confident||confine||confined||confirmed||conflict||conflicting||confound||confront||confrontation||confronted||confusing||Congeries||congregate||Conician||conician||Conjuration||connect||connects||conquers||consecrated||consensus||consent||consequences||conservative||consider||Consider||considerably||considered||Considering||consistent||consolation||Consolations||conspiracy||conspired||constant||constraint||Construct||construct||consuming||contain||contained||contemplate||contemptible||Contentious||contents||continual||continued||continuing||contract||contracted||contracting||contracts||contradicted||contradictions||contradictory||contrast||contribute||control||controls||convenient||conversation||convincingly||Cook||cooked||Cooking||coolly||coordination||copy||coral||cordial||Coribael||coribael||Coribaell||coribaell||corkbulb||Corkbulb||corner||cornerclub||Cornerclub||cornerclubs||Corners||corners||corporation||corprus||Corprusarium||corpse||Corpse||corpses||correct||correspondence||corrupt||corrupted||corruption||cost||could||couldn't||Council||council||Councilor||councilor||Councilor's||Councilors||councilors||Councils||councils||counsel||counselors||Count||count||counted||countenance||counter||counter-current||counting||country||countrymen||Counts||couple||courage||course||court||COURTESY||Courtesy||courtesy||courtship||courtyard||courtyards||cover||covered||covert||coves||cowardly||crab||Crab||crabmeat||Crabmeat||crabs||crack||cradles||craft||crafts||craftsfolk||craftsmen||Crassius||crassius||crate||crater||crates||creaking||creaks||create||created||Created||creating||creativity||creature||creatures||creep||cremation||crept||crew||cried||crime||crimes||criminal||criminals||crippled||crop||crops||cross||crossbow||crosses||crucial||crucible||crude||Cruel||cruel||crusaders||crushed||crust||cry||crystal||crystalline||cuffs||Cult||cult||cultist's||cultists||cultivate||cults||Cults||cultural||culture||cultures||cunning||Cup||curable||cure||Cure||cured||cures||Curio||curio||curiousity||curly||current||currently||currents||curse||cursed||curses||curtail||curves||Cuseius||cuseius||custom||customary||customs||cut||cut-rate||cutters||cuttle||Cycle||Cyrodiil||cyrodiil||Cyrodiils||d'you||Dadisun||Daedra||daedra||Daedra's||daedra's||daedrai||Daedric||Daedroth||Daeus||daeus||dagger||Daggerfall||daggers||Dagon||dagon||Dagon's||Dagonn||Dagoth||dagoth||Dagoth-Ur||daily||Dalyne||dalyne||damage||damaged||damped||danced||danger||dangerous||dare||dared||daring||DARING||Daring||Darius||darius||dark||Dark||darker||darkness||Darkness||Daroder||daroder||Darothil||darothil||dart||Darvel||darvel||dashed||date||dating||Dau||daughter||Dawn||dawn||day||Day||days||Days||dazzle||dead||Dead||deadly||deaf||deal||dealing||dealt||dear||dearth||death||Death||debated||debt||decades||decay||decayed||decaying||decent||decided||decorated||decoration||dedicate||dedicated||dedication||deep||deeply||default||defeat||defeated||defend||Defender||defense||defensive||defiance||defiant||define||defined||definitive||degrees||deities||delegation||deliberate||deliberately||delicate||delightful||deliver||delivered||delivering||delivery||Delving||Delyn||delyn||Delyn's||demand||demanding||Demiprince||demiprince||demon||demons||demonstrate||demonstrated||demonstration||denial||densely||depend||depends||Depends||deposits||depraved||depravity||depths||deputations||deranged||derive||derived||describe||described||desert||Desert||deserts||deserve||desiccated||designations||designed||desire||desires||desolate||despair||despairing||desperate||Despite||despite||destroy||destroyed||Destruction||detail||details||detection||determined||deterrent||detested||developed||devices||devotees||devotion||devotions||devout||diamonds||Dibella||dibella||didn't||die||died||differ||differences||different||difficult||difficulties||difficulty||diminish||diminishing||Dimly||dinner||diplomatic||direct||direction||directions||directly||Direnni||direnni||Dirty||dirty||disapprobation||disapprove||disapproves||discipline||disciplined||disconcerting||discontented||discount||discourage||discouraged||discover||discovered||discrete||discretion||discussed||discussion||disease||Disease||disease-laden||diseases||dish||dishonor||dismembered||dismissive||Disorder||disorders||dispatching||displaying||disposing||dispute||disputes||dissent||Dissident||dissident||Dissidents||dissolute||distance||distances||distant||distinctive||distinguish||distinguished||distorted||distracted||distraction||District||district||district's||Districts||districts||disturbances||Divayth||divayth||diverse||divide||divided||divine||Divine||Divines||divinity||dock||docked||docks||doctrine||doctrines||doesn't||dogs||dome||domed||domica||Domica||dominant||dominate||dominated||don't||Don't||donating||donation||donations||done||door||Dorach||Dorisa||dorisa||dormant||dotted||doubt||Doubtful||doubtless||dozen||dozens||drag||draggle||draggle-tail||Dragon||dragon's||Dragon's||dragon's-tongue||Dragon's-Tongue||Dragonne||dragonne||drain||drained||draining||drakes||Dralors||Dram||dram||dramatic||Dratha||dratha||drawing||Drawn||dreadful||dream||Dreamer||dreamer||dreaming||dreams||Drelen||drelen||Dremora||dremora||Dren||dren||Dren's||dren's||drenches||Drenim||drenim||Dres||dres||dressed||dressing||dreugh||Dreugh||dreughs||Dreughs||Dreynos||dreynos||drink||drinking||drive||driving||drop||dropped||drove||drown||drowned||Druegh||druegh||Druegh-jigger's||Drunk||dry||Dubious||duct||due||duel||dues||dug||Duke||duke||Dunmer||dunmer||Dunmer's||Dunmeri||dunmeri||durability||Dusk||dust||Duties||duties||duty||Duty||DVFQE||DVWDTQDVFQE||dwarven||Dwarven||Dwarves||dwarves||dwellings||Dwemer||dwemer||Dwemer-Dagoth-Westerner||DWKB||EAL||ear||earlier||earliest||early||earnest||earnestness||earns||earth||earthgrip||ease||easiest||easily||East||east||eastern||eastmost||easy||Ebonheart||ebonheart||ebony||Ebony||eccentric||economic||economically||economics||ecstatic||edge||edges||edible||edification||educated||Education||education||Edwinna||edwinna||effect||effective||effects||effort||effortlessly||efforts||egg||egg-knowledge||eggs||Egroamaro||egroamaro||Egroamaro's||eight||Eight||eighth||eighty||eighty-seven||either||Elbert||elbert||elders||eldest||elemental||elements||elf||Elf||elite||Elmas||Elms||elms||else||elsewhere||Elsweyr||elsweyr||Elven||elven||elves||Elves||em||embraced||emerge||emerged||eminent||eminently||Emperor||Emperor's||emperors||Empire||empire||Empire's||employ||employed||employment||emptied||empty||enact||encased||Ence||ence||enchanted||Enchanter||enchanter||enchanters||Enchanting||enchantments||encircles||encloses||enclosing||encompasses||encounter||encourage||encrusted||encumber||end||End||Endeavor||endeavor||endeavors||ended||ending||Ending||Endings||endurance||endured||Endusal||endusal||enemies||Enemy||enemy||energies||energy||enfeeble||enflamed||enforcement||engage||engendering||engines||Engrave||enhance||enhancement||enjoying||enlightened||enlistment||enough||ensures||enter||Enter||entered||enterprise||enters||entertain||entertained||entertainers||entertaining||entertainment||entertainments||entirely||entity||Entrance||entrance||entrances||entranceways||Entry||entry||envision||epic||equal||equipment||equipped||Era||Erabenimsun||erabenimsun||erased||erected||Erer||erer||Erna||erna||err||errands||error||erstwhile||Ery||ery||escape||escaped||escorts||especially||essential||established||establishment||estate||estates||eternal||eternally||Evasion||even||Even||events||Eventually||eventually||ever||ever-watchful||evergreen||every||Everybody||everyone||everywhere||evidence||Evil||evil||evolution||Exactly||examination||examine||examined||example||excellent||except||exception||exceptional||exceptionally||exceptions||EXCERPT||excerpt||exchange||Excise||excited||excitedly||exclusive||execute||executed||executive||exemplifying||exercises||exertion||exhibited||exhibits||exist||existence||exists||exotic||expect||expected||expedient||expelled||expelling||expensive||experience||experienced||experiences||experiment||experiments||expertise||explain||explained||explaining||explicit||explicitly||exploit||exploitation||exploration||explorer||exploring||exposure||express||expression||extend||extended||extending||extends||exteriors||extermination||extinct||extinction||extinguished||extra||extremely||eye||eyes||Eyes||f'lah||Fa||fa||Fa-Nuit-Hen||Face||face||Face-Snaked||faced||faces||facing||fact||factions||failed||fails||failure||failures||fair||faith||Faith||Faithful||faithful||faithfully||faiths||Fakebook||Falas||falas||Falasmaryon||falasmaryon||fall||fallen||falling||falls||false||False||falsely||Falvillo's||falvillo's||familiar||families||Family||family||famous||Fane||fane||fantastic||far||Fara's||fara's||fare||Farewell||Fargoth's||fargoth's||farm||farmer||Farmhouse||farmhouse||farms||fashioned||fashions||fast||faster||fate||Fate||fates||father||Father||fathers||Fathers||fatigue||fault||favor||favorable||favored||favorite||favors||fear||Fear||feared||fearsome||feast||feather||Feather||feathery||feats||feature||features||featuring||fechers||fed||fee||feed||feeding||feeding-ground||feedings||feel||fees||feet||Fel||fel||Felisa||felisa||fell||Fell||felled||fellow||Fellowship||fellowship||Felms||felms||Fels||fels||felt||female||feminine||fern||Fern||ferry||fertile||Feryn||Feryn's||Festival||fetcher||feverishly||FGEF||fibers||field||Fields||fields||fiercely||fifteen||fifth||fifty||fight||fighter||Fighter's||Fighters||fighters||fighting||figure||figures||Figures||file||filled||final||find||Finding||finding||finds||fine||finery||finger||fingers||fire||Fire||fireball||Fires||firm||firmly||first||First||fish||fishing||Fishy||fishy||five||Fixed||fixing||Flaccus||flaccus||flagon||flagons||flailing||flame||flames||flaming||flash||flashes||flask||flatly||flattery||flavor||fled||flees||flesh||Flesh||fleshless||fleshy||flexible||flickering||flight||Flin||flin||flock||floor||floors||Flora||flour||flow||flower||flowering||Flowers||flowers||fly||focus||Fodder||fodder||foe||Foes||FOF||fog||fold||foliage||follow||followed||followers||following||Folly||food||fool||fooled||foolish||foolishness||fools||foot||Foot||footed||forbidden||force||Force||forced||forces||forefinger||foreign||Foreign||foreigners||forelocks||foremost||forest||forests||forever||forfortifying||Forge||forged||forget||forgive||forgotten||form||formal||formed||former||formerly||forms||formula||Formulae||Formulary||formulated||forsaking||Fort||fort||forth||fortified||fortify||fortifying||fortress||forts||fortunate||Fortunately||Fortune||fortune||fortune-teller||forward||fought||found||foundation||founded||founder||fountains||Fountains||Four||four||fourfold||foyada||Foyada||Fralinie||fralinie||fraternity||Fredas||free||Free||free-spirited||free-standing||free-swords||freedom||freely||frenzy||frequent||fresh||Fresh||freshly||Friend||friend||friend's||friendly||friends||Friends||friendship||frightened||frond||fronds||frontier||frost||froze||Frozen||fruitless||frustrating||fulfillment||full||fully||Funcrazot||function||functions||fund||Fundamentalist||fundamentals||fundaments||fury||futile||future||Fyr||fyr||Gaeldol||gaeldol||gain||gained||Galom||galom||Galos||galos||Gals||gals||Galsa||galsa||Galsiah||galsiah||Galur||galur||Game||game||games||Gan||gan||Ganpheril||ganpheril||gap||garden||Garden||gardening||Garisa||garisa||Garothmuk||garothmuk||garrison||Garrison||garrisoned||garrisons||Gash||gash||gasped||Gate||gate||gates||Gateway||gateway||Gateway's||gather||Gather||gathered||gatherer||gathering||gaunt||gave||gazed||Gazouf||gem||gems||General||general||generalize||generally||generals||generation||GENEROSITY||Generosity||generosity||generous||Genevrah||genevrah||genocide||gentleman||Gentleman||genuine||geographic||gestation||gesture||get||getting||ghost||Ghost||Ghostfence||ghostfence||ghostfires||Ghostgate||ghostgate||Ghosts||ghosts||giant||gift||gifted||gifts||gilds||gills||Gilvas||gilvas||Gindu's||gindu's||Ginger||ginko||Ginko||Girdled||girl||give||given||Given||gives||giving||Glad||gladiators||glass||glasses||glide||glimmering||globes||glorify||glorious||glory||Glory||glossy||Glove||glowing||Gnaar||gnaar||Gnisis||gnisis||Go||go||goal||goat||goblet||god||God||god-hero||God-King||God-Poet||godhead||gods||Gods||goes||going||gold||Gold||golden||Golden||Gols||gols||gondolas||gone||good||Good||goods||Goren||goren||Gorgoth||Gortwog||gortwog||gospels||got||Gothren||gothren||Gothren's||Gothryd||Goutfang||goutfang||government||Governor's||gra||gra-Muzgob||gra-Muzgob's||grab||Grace||grace||Graces||graces||Gracious||gradual||gradually||Graegyn||graegyn||grain||grams||Grand||grand||Grandmaster||grandmaster||Grandpa||grant||granted||grants||grappling||Grasp||Grasping||grasslands||gravedust||gravefast||graves||gravity||Gravity||graze||Grazelands||grazelands||grazing||great||Great||greater||greatest||Greatest||greatly||greed||greedy||greef||green||Green||greet||greeters||grey||grim||grinding||gro||gro-Muzgub||groans||ground||group||grouped||Groups||Grove||grow||growing||growled||grown||grows||growth||Guar||guar||guaranteed||guard||Guard||guarded||guardian||Guardian||guardians||guarding||guards||guess||guests||guidance||Guide||guide||guidebook||guides||Guild||guild||Guild-owned||guildhall||Guildhall||guildhalls||guildhouse||Guildhouse||Guilds||guilds||Guildsmen||Guldrise||guldrise||Guls||guls||Gusal||Guylaine||Guylaine's||Gwylim||gwylim||GX||GXS||h's||hackers||hackle||hackle-lo||hadn't||hail||Hail||hails||Half||half||Half-Troll||halfmoon||Hall||hall||halls||Halls||halt||Hammerfell||hammerfell||hammers||hand||handful||handfuls||handled||handling||hands||Hands||handsome||handy||hangs||Hanin||Hanin's||Hanud||hanud||happened||happily||happiness||happy||Harakostil||harakostil||harbor||harbors||hard||Hardin||hardships||hardy||Harithoel||harithoel||Harithoel's||harm||harmed||harmful||harmless||harmony||harsh||harvest||Harvest's||harvested||hasn't||hasten||hastily||hating||hatred||haunt||haunted||haven't||havoc||Hawk||hawk||Hawkmoth||hawkmoth||Head||head||head-first||headed||headquarters||heads||heal||Healer||healer||healers||Healers||healing||Healing||health||healthy||Hean||hean||Hear||hear||heard||Heart||heart||heartedly||hearth||Hearth||hearths||heartland||Heartlanders||heartlanders||hearts||Hearts||Heat||heat||heathen||heather||Heather||heavens||Heavy||heavy||Heck||heed||Heifnir||heifnir||height||Heirographa||held||Helende||helende||Hell||hell||Helni||helni||help||helped||helpful||helping||helps||Helvi's||helvi's||Hen||hen||herb||Herbalist||herbs||herds||Herein||herein||heresy||heretics||hero||hero-cult||hero-cults||heroes||heroic||heroism||hewn||hid||Hidden||hidden||hide||Hide||hides||hierarchy||High||high||high-quality||higher||higher-ranking||highest||highland||highlands||Hilbongard||hills||Hinkit||hint||hire||hireling||hirelings||historical||Historically||history||hit||Hla||hla||Hlaalu||hlaalu||Hlaren||hlaren||hoard||Holamayan||holamayan||hold||Hold||holdfasts||holding||Holding||holdings||holdout||holds||Hole||hole||hollowed||holy||Home||home||Homemade||Homilies||homunculi||honest||honeyed||honor||Honor||honorable||honored||Honored||honoring||honors||hoops||hope||Hope||hoped||hoping||hopping||hops||Horath||Horis||horizon||horizontally||horribly||horrors||horsemen||Hortator||hortator||hospitable||hospitality||Hospitality||host||hostels||hostile||hosts||hot||hound||Hound||hounds||hour||hours||Hours||House||house||house's||housed||household||houseman||Houses||houses||however||However||Hrundi||hrundi||human||humid||Humiliate||Humility||humility||HUMILITY||Humilty||humor||hundred||hundreds||hunt||Hunt||hunted||hunter||hunters||Hunters||hunting||Hunts||hurl||hurled||hurling||hurt||hurtful||husband||hushing||hut||Hut||huts||Hymns||hypnotize||I'll||I'm||I've||Ice||ID||ideal||identified||identify||idle||IDV||Ignatius||ignatius||ignorant||Ignorant||ignored||II||III||Iliac||ill||ill-equipped||illegal||Illusion||illusions||Illusions||image||images||imagination||imagining||Imalyn||imalyn||Imalyn's||imbue||immature||immeasurably||immediately||immortal||immortality||impact||impassible||Imperial||imperial||Imperial's||imperial's||Imperials||imperials||impersonal||impious||implacable||implementer||imply||impolite||important||importantly||imported||imposes||impossible||impractical||impressed||impressive||imprisoned||imprisonment||improve||improvement||impulses||impulsiveness||Imsin||imsin||incantation||Incantory||Incarnate||incidence||incinerate||include||includes||including||inconclusively||inconsistencies||inconspicuous||increase||increasingly||incubation||incurable||Indalen||indalen||Indarys||indarys||indebted||indeed||independence||independent||indifference||indifferent||individual||indomitable||Indoranyon||indoranyon||Indoril||indoril||industry||Indwelling||inefficiency||inexpensive||inexperience||infallibly||infecting||infection||inferno||infertile||inflicting||influence||informal||information||Information||ingredient||ingredients||inherit||inheriting||inhospitable||inhumane||Iniel||initial||Initially||Initiate||initiates||initiation||initiative||injurious||injustice||ink||Inkkit||inland||Inn||inn||Inner||inner||Innocent||inquire||inquiry||Inquisition||inscription||insects||inside||insight||insights||insist||insisted||insists||inspiration||Inspiration||inspirations||inspired||Inspired||installation||instance||instant||instantly||instead||Instead||instinctively||institute||institution||instruction||insulted||insults||insure||intact||integral||integrate||integration||intellectual||intelligence||intelligent||intended||intention||interest||interested||interesting||interests||Interior||interior||internal||interpretations||interrogation||Intervention||interviews||intimate||intimations||intimidating||intolerable||intolerance||intolerant||intruders||invade||invaluable||invasions||invent||investigate||invincible||Invisibility||invisible||invitation||invited||invoke||invoked||involved||involves||Irgola||irgola||iron||ironwood||Ironwood||irony||irrationally||irresistible||irreversible||island||Island||island's||island-to-island||islands||Isle||isle||Isles||isles||isolated||isolationist||issue||issued||It's||it's||item||Items||items||Iulus||iulus||IV||jabbed||jaunts||JavaScript||Jereth||jereth||jets||jigger's||jingling||job||Jobasha's||jobasha's||join||joined||joining||joints||Jole||Jolly||journal||journey||joy||joyous||Judge's||judged||judgement||judicial||jugglers||juggles||Julianos||julianos||jumped||Justice||justice||JUSTICE||kagouti||Kagrenac||kagrenac||Kagrenac's||kagrenac's||Kand||kand||kanet||Kaye||kaye||keen||keep||Keep||keeper||keepers||keeping||Kena||kena||kept||Ker||Kers||keys||Khajiit||khajiit||Khajiiti||Khajiits||khajiits||Khuul||khuul||kicks||kidnapped||kidnappings||kill||killed||killing||Killing||Kimeth||kimeth||kin||Kin||kin-spirits||kind||kindle||kindly||King||king||kings||kiss||Kneel||knew||knife||knight||knives||knocking||know||Know||Knowing||knowledge||Knowledge||knowledgeable||known||Known||knows||Koal||koal||Krazzt||krazzt||Kudanat||kudanat||Kummu||kummu||KW||kwama||Kwama||kwama's||Kynareth||kynareth||labor||labyrinth||labyrinthine||labyrinths||lack||laconic||ladder||laden||Lads||Lady||lady||Lady's||lady's||lair||lairs||Lake||lake||lakes||Lalatia||lalatia||lame||lament||laments||land||Land||landfall||landing||lands||landscape||large||Large||largely||larger||largest||last||lasted||lasting||late||later||Later||Laterus||laterus||latest||laugh||laughed||laughing||lava||Law||law||lawless||lay||Lay||lazy||LCLQS||lead||leads||leaf||leap||learn||Learn||learned||learning||Learning||lease||leashed||least||leather||leave||leaves||led||left||legally||legend||Legend||legendary||legends||Legion||legion||Legionis||legions||Legions||legs||Leles||length||Leoriane's||leoriane's||less||less-formal||Lesser||lesser||lesson||Lessons||lest||let||Let||Level||level||levels||Levitation||LGSBFY||Liah||liah||librarian||Librarium||Libraruim||Library||library||lichen||Lichens||lichens||Liches||lie||lies||life||Life||lifetimes||lifeweave||lift||lifting||light||Light||lightning||like||Like||LIKE||likely||limit||limited||limiting||limits||line||linen||lines||linger||Link||linked||list||listed||listen||Listen||listened||listens||lists||lit||Litany||literal||literally||literature||little||liturgy||live||lived||lives||Lives||living||Lizard's||lizard's||Lledos||lledos||Lledos's||Llervu||llervu||Llervu's||llervu's||Llethan||llethan||Llether||llether||Llethri||llethri||Llevas||llevas||Llirala's||llirala's||Llothis||llothis||lo||local||locally||locals||located||Located||Locations||locations||Lock||locks||lodgings||Log||log||long||LONG||Long||long-dormant||long-sword||longer||longsword||Look||look||looked||looking||looks||loom||loosed||loosen||looting||lord||Lord||Lord's||lords||Lords||lore||losing||loss||lost||lot||loudly||Love||love||loved||Lover||Loves||loving||low||Low||Low-fare||lower||Lower||lowest||lowlands||lowly||loyal||loyalty||luck||Luckily||luminous||lunch||lungs||lured||lush||lust||lusted||luster||luxury||lying||lyric||Maar||maar||Mababi||mababi||Mad||Madach||madach||made||Maelkashishi||maelkashishi||Mage||mage||Mage-Lord||mage-lord||mage-lords||Mages||mages||magic||Magic||magical||Magicka||magicka||magicks||magics||magistrates||Magnificence||Magus||main||mainland||mainly||maintain||maintained||maintenance||make||Make||makes||making||Malacath||malacath||Malacath's||maleficent||malevolent||Mallam||mallam||Mamaea||mamaea||Mamoona||mamoona||man||Man||man's||mana||managed||mandate||maneuver||manifest||manner||Mannimarco||Mano||mano||Manor||manor||manors||Manors||mansion||Manuscript||many||Many||map||Mar||mar||Mara||mara||Marandus||marandus||march||marched||Maren||maren||margin||Marilie||mariners||maritime||mark||marked||Market||market||markets||marksman's||Marog||marriage||married||marry||Marsh||marsh||marshes||marshmerrow||martial||Martyr||marvelous||mask||Mask||masks||mass||master||Master||Master's||master's||Masters||masters||mastery||Mastery||match||mate||materials||mathematical||Mathendis||mathendis||matter||matters||mattress||Mavon||mavon||Mawia||mawia||may||May||maybe||meager||meal||meaning||means||meant||meantime||Mearvis||mearvis||measure||meat||Meat||Mebestien||mebestien||meddlesome||meet||meeting||mehrunes||Mehrunes||Meldor||meldor||melted||member||members||Members||Membership||membership||membrane||memories||memory||men||menaces||Mention||mention||mentioned||Mephala||mephala||mercantile||mercenaries||merchandise||merchant||merchants||Mercius||mercius||mercy||Mercy||mere||merely||Meris||meris||merrily||Message||messages||messengers||met||metal||Methal||methal||method||Methodology||methods||Mevureius||mevureius||middle||might||mighty||Mighty||miles||military||milk||Milk||mime||mind||mindedness||mine||Miner||miner||miner's||mines||minimal||mining||Mining||minions||minister||Ministry||ministry||minor||minutes||miracle||miraculous||miraculously||miscalculated||misdirect||misleading||miss||missile||missing||missionaries||missionary||missions||mistake||mistaken||Mistmen||Mistress||mistress||misunderstanding||mix||mixed||mobilized||mock||mockery||model||models||moderate||modern||modes||modest||moist||Mok||mok||Mokafa||Molag||molag||moment||moments||Monastery||monastery||money||monks||monopoly||monster||monsters||Monsters||monstrous||month||months||monument||moods||moon||Moon||moon-and-star||Moon-and-Star||Moonmoth||moonmoth||moons||Moonsugar||moonsugar||Mora||mora||Morag||morag||moral||Mordrin||morning||Morrowind||morrowind||Morrowind's||mortal||Morvayn||morvayn||mostly||Moth||moth||mother||Mother||motions||Motions||motivated||motivations||motives||mottled||mottled-brown-and-green||Mough||Mount||mount||Mountain||mountain||mountains||Mournhold||mournhold||Mourning||Mouth||mouth||Mouths||mouths||Move||move||movements||moves||moving||Much||much||muck||mud||mudcrab||mudcrabs||Mudcrabs||muddied||mug||mugging||multi||multi-storied||Multiplier||multitudes||mummified||murder||murders||Muriel's||muriel's||murmuring||muscles||mushroom||mushrooms||must||Must||mustered||mutually||Muzgob||muzgob||Muzgob's||Muzgub||muzgub||mysterious||mystery||Mystery||Mysticism||mysticism||myths||Naga||naga||name||Name||named||names||nasty||nation||nations||Nations||native||natives||natron||natural||nature||Nchow||near||Near||nearby||nearly||necessary||neck||neck-hackers||Necromancer||necromancer||necromancer's||Necromancer's||Necromancers||necromancers||Necromancy||necromancy||Necromantic||need||needed||needful||needs||needy||Neen||neen||negotiations||neither||Neloth||neloth||Neloth's||Nerevar||nerevar||Nerevar's||Nerevarine||Nerevarines||nervousness||nest||Netch||netch||netchiman's||netchimen||Nevena||nevena||never||Never||new||New||Newer||newly||next||nice||nigh||night||Night||nightmare||nightshade||Nightshade||Nigiliusis||nimble||Nimlom||nimlom||Nine||nine||Ninety||Ninety-Nine||Ninth||Nirn||nirn||Nix||nix||nix-hound||Nix-hounds||No-h||No-h's||noble||nobles||nodded||nomad||nomadic||Non||non||non-Dunmer||non-guild||Non-members||non-sentient||none||nonetheless||Nonetheless||nonexistant||Nord||nord||Nord's||nord's||Nordic||nordic||Nords||nords||normal||Normal||normally||north||North||northeast||northeastern||northeastmost||northern||Northmoor||northwest||nose||Notable||note||Note||noted||nothing||Nothing||noticeable||noticed||notion||nourishment||nowhere||NSZUVWBSR||nudging||Nuit||nuit||number||numbers||numerous||Numidium||nurture||nut||Nut||Oad||oad||oath||Oath||oath-bonded||oathbreaker||objection||obligation||Oblivion||oblivion||obscurity||Observatory||observatory||observe||observer||obstacle||obtain||obtained||obtaining||obvious||occasional||Occasionally||occasionally||occasions||occupation||occupies||occur||occurred||occurs||ocean||Ocean||Odai||odai||Odirniran||odirniran||odor||ofConfrontation||offer||offered||offering||offerings||offers||Office||office||officers||Offices||officials||often||Often||Oh||Oin||oin||Oin's||old||Old||oldest||Olga's||Olms||olms||Omani||omani||Omavel's||omavel's||Omayn||One||one||one's||One's||one-story||one-time||ones||oneself||Only-He-Stands-There||open||Open||Open-air||open-mindedness||opened||openly||operate||operation||operations||opinions||opponent's||opponents||opportunities||Opportunities||opportunity||opposed||opposite||Oracle||Oracle's||oral||Oran||oran||orb||Orc||orc||Orcish||Orcs||orcs||order||Order||ordering||orders||Ordinator||Ordinators||ordinators||Ordo||Orethi||orethi||Orethi's||orethi's||organic||organizations||organize||organized||organs||orgy||origin||Originally||originally||Oril||oril||Oristian||oristian||ornate||Orsinium||orsinium||orthodox||others||outbuildings||outer||outlander||outlander-hating||Outlanders||outlanders||outlawing||Outnumbered||Outpost||outpost||outpost's||outside||outsiders||Outsiders||outskirts||oven||overcoming||overjoyed||overreach||Overwhelmed||owed||owned||owner||ownership||pace||pack||packages||packs||pact||Padomaic||padomaic||page||pages||paid||pain||palace||Palace||Palansour||palansour||pan||panic||pantheon||Papers||Papré||papré||papyrus||paradoxically||parapets||parents||park||Parnafacasis||parried||part||Part||parted||particular||particularly||parties||partner||partners||parts||Parts||pass||passage||Passage||passages||passed||passengers||passing||passionate||passively||past||paste||path||Path||pathetic||Pathfinding||patron||patron's||patrons||Pattern||pattern||patterns||paupers||pavements||Pavflek||pavflek||pawnbroker||PAXWC||pay||PCJEK||peace||peculiar||Pelagiad||pelagiad||pens||people||People||peoples||perceive||perceived||Percius||percius||perennial||perfect||perform||Perform||performances||performing||perhaps||Perhaps||perished||perishing||permanent||Permanent||permitted||persecution||persistent||person||personal||Personality||personality||personally||persons||Persons||persuade||persuasion||pests||petal||Petals||petals||petition||Pharos||phase||physical||pick||picketpocketed||picking||Picking||pickpocket||pickpocketed||pickpocketing||Picture||picture||pictured||picturesque||pie||piece||pieces||pierce||piercing||Piety||piety||Pilgrim||pilgrim||Pilgrim's||pilgrim's||pilgrimage||pilgrims||Pilgrims||pillar||Pillow||pinch||pinches||pinkish||pinkish-purple||piracy||pirates||pits||pity||place||placed||places||plain||plains||Plan||plan||plane||planned||plant||plantation||Plantation||plantations||plants||Plaster||plaster||play||played||playing||plays||plaza||pleasant||Please||please||pleased||Plecia||plecia||pledge||pledging||plenty||Plot||plot||Plots||plucked||plumes||plunged||plunging||pods||Poet||poet||Poet's||poet-artist||poetic||poetry||point||points||poison||poisoning||poisonous||poisons||policies||policy||polite||politely||political||politically||politics||pool||pooling||pools||poor||Poor||poppies||poppy||Poppy||popular||populated||population||port||portion||portions||portrays||pose||posed||position||positions||possesses||possible||post||posted||posts||Pot||pot||potent||Potentate||potential||potion||Potion||potions||pound||pour||poured||pouring||power||Powered||powerful||powers||Powers||practical||practically||practice||practiced||practices||practitioners||praise||praiseworthy||pray||prayed||Prayer||prayer||Prayers||prays||preach||precautions||precincts||precipitate||predator||predecessor||predicted||preen||Prefect||prefer||preferred||prehistoric||prejudices||Preparation||preparation||prepared||preparing||preposterously||prescribe||prescribed||presence||present||presentation||presented||presents||preservative||preserve||preserved||preserves||presides||pressure||pretend||pretenders||pretty||prevents||previous||prey||preying||price||prices||Pricy||PRIDE||Pride||pride||prideful||priest||priesthood||priestly||priests||Priests||Priif||priif||Priif's||primarily||primitive||Prince||prince||princes||principal||Principle||principles||prison||private||Private||prize||prized||prizes||probably||problem||problems||procedure||Procedures||proceed||process||processed||proclaimed||Procyon||prodded||produce||produced||profane||profanely||profession||proficiency||proficient||profit||profitable||profited||profitless||profits||progress||Progress||progressively||Project||prolific||prominent||promising||promontories||promontory||Promotion||prompted||pronouncements||proper||properly||properties||property||prophecies||prophecy||prophet||propitiated||proposals||prospect||prospective||prospects||prospering||prosperity||prosperous||protect||protecting||protection||Protection||protective||protects||protests||Protonymic||protuberances||prove||proved||proves||provide||provided||provides||providing||Province||province||provinces||provincial||prowess||prudent||public||publican||pulled||Pullia||pullia||pulling||pulp||pumping||Punammu||punammu||punches||punish||punishments||puny||purchase||purchased||pure||purity||purple||purpose||Purpose||purse||pursuing||pushed||put||Puzzle||puzzle||pyramid||quail||quailed||Qualified||qualities||quality||Quantity||Quarde||Quarra||quarra||Quarry||Quarter||quarter||quarters||Quarters||Queen||quest||questing||questioning||questions||quests||Quests||quick||quickly||quiet||Quiet||Quiet's||quiet's||quietly||quite||rabid||race||racer||racers||races||radiate||Raesa||raesa||rage||raging||rain||Rain||rained||rainfall||rains||raise||raised||raises||raising||Ralds||ralds||Ramoran||ramoran||rampant||ran||ranging||rank||rank-and-file||ranking||ranks||Ranks||ransom||rapacious||rapid||rare||Rare||rarely||Rat||rat||rate||rates||rather||Rather||rations||Ravel||ravel||Raven||ravenous||ravine||ravines||ravings||raw||razor||Razor||Re||re||Re-admittance||re-educated||re-enact||reached||reaching||reactions||read||reader||readily||ready||real||Real||realization||Realizations||realizations||realize||realized||realizing||really||reason||reasonable||reasons||rebelled||rebuff||recall||recanted||receive||received||receiving||recent||recently||Recently||recipe||Recipes||recipes||recited||reclaim||Recognize||recognized||recognizes||recognizing||recommend||recommended||reconsecration||recorded||records||Records||Recruit||recruit||rectangular||red||Red||red-reeking||Redaynia||redaynia||Redguard||redguard||Redoran||redoran||reduce||reduced||reduces||reduction||redwort||Redwort||reeds||reeking||reference||References||references||referred||refined||reflected||reflection||Reflections||refuge||refuge-prison||refugees||Refuse||refuse||regard||regarded||regimental||region||region's||regions||regretfully||regular||Reign||reigned||reinforcing||reject||relate||related||relations||relationship||relationships||relative||relatively||relatives||released||reliance||relic||relied||relief||religion||religious||reluctant||rely||remained||remaining||remains||remarkable||remarkably||remember||remembering||remembrance||reminded||remote||removal||remove||removed||render||rendered||renews||renown||rent||rents||repeat||repeated||replied||report||reported||reportedly||represent||representative||Representative||Representatives||represented||represents||reputation||reputed||require||Requirements||requirements||requires||rescue||rescued||Resdaynia||resdaynia||research||Researches||resemble||reserves||reservoir||residence||Residence||residences||residential||Residential||residents||residues||resist||resistance||resistant||resolved||resources||Respect||respect||respected||respectful||respectfully||response||responsibility||rest||Rest||rested||resting||restless||Restorals||Restoration||restore||restores||restoring||result||resulting||results||retain||retainer||retainer's||retainers||Rethan||rethan||retrace||retreat||retrieved||return||returned||returning||reunited||Reveal||reveal||revealed||revelation||revenant||revenant's||Revenants||revenants||review||revolt||revolutionary||rewards||rhapsody||Rhunen||rhunen||ribbons||rich||Richton||richton||rid||Riddles||riddles||right||righteous||rights||Rihad||rihad||Rilm's||Rilms||rilms||ring||rings||Rip||rip||ripped||rise||risen||rising||Rising||risk||risky||Rissinia||rissinia||rites||Rithari||rithari||ritual||Ritual||rituals||Rituals||rivals||River||river||rivers||road||Road||Roads||roads||roared||roasting||rob||robbed||robbery||robes||roborative||Rock||rock||rocks||rocky||rod||rode||rogue||Roll||rolling||room||rooms||root||root-like||roots||rope||Roris||roris||rose||rotating||rough||rough-hewn||roughly||round||route||routes||Royal||royal||RSXINOFSP||rubbery||Ruccia||ruccia||Ruddy||ruddy||rugged||ruin||ruins||rule||ruled||ruler||rulers||Rules||rules||ruling||rumors||Rumors||run||running||runs||Runs||rural||rush||rushed||rushing||russula||rustle||ruthless||Ryon||ryon||S'Rabba||s'rabba||S'Riizh||s'riizh||S'Riizh's||sack||sacraments||sacred||sacrificed||sacs||sad||Sadright||sadright||Sadrith||sadrith||safe||safeguard||safely||safest||safety||said||sail||Saint||saint||sainthood||saints||Saints||salary||sale||salt||saltrice||salts||Salts||salutations||Samar||samar||sampling||Sanchariot||sanctified||sanctioning||sand||sandwiched||sang||Sanni||sanni||sap||Sarano||sarano||sarcastic||sardonically||Sarethi||sarethi||Saryon||saryon||Saryoni||saryoni||Saryoni's||Saryonis||Sarys||sarys||sat||sate||Sathis||sathis||saturated||sauce||save||saved||Savel||savel||Savens||Savior||Savior's||saviour's||Saviour's||saw||say||says||scale||scaled||Scamp||scamp||Scathes||scathes||scattered||scattering||scent||schedule||scheme||scholar||scholarly||Scholars||scholars||scooped||Scourg||scourg||scout||scraggly||scraped||scrawled||Scrawled||scrawny||scream||Scrib||scrib||Scribs||scribs||scroll||sculpted||scuttle||Scuttle||scuttled||Sea||sea||seacoast||seal||sealed||Sealed||seals||search||Search||Searching||seas||season's||seat||seating||seats||secluded||Second||second||seconds||secret||Secret||secrets||Secrets||section||secularism||secure||secures||securing||security||security's||Sedura||sedura||see||seed||seeing||Seek||seek||seeker||Seekers||seekers||seeking||seeks||seem||seemed||seems||seen||seers||sees||Seht||seht||SEHTI||seize||seizing||selections||selects||Seleth's||seleth's||self||self-interest||self-knowledge||sell||seller||selling||Senchal||Send||Sense||sense||senses||sensitive||sent||sentences||sentient||Senyndie||senyndie||Senyndie's||Septim||septim||Ser||Seran||seran||sergeant||sergeants||serious||seriously||seriousness||Serjo||Sermon||Sermons||sermons||servant||servant's||servants||serve||Serve||served||serves||service||Service||Services||services||serving||servitors||Seryn||seryn||Seryn's||set||Sethan||sethan||settled||settlement||settlements||seven||Seven||seven-syllable||seventh||several||Several||Sevyni||sevyni||sewer||sewing||sex||Seyda||seyda||Shack||shack||Shade||shade||shades||shadow||shadows||shadowy||shaft||Shaie||shaie||shake||Shalk||shalk||shall||shame||Shamed||shape||Shara||shara||share||shared||Sharn||sharn||Sharn's||sharp||shattered||shattering||shawl||sheer||sheets||shein||shell||shells||shelter||sheltered||Sheogorad||sheogorad||Sheogorath||Sheogorath's||shield||Shield||shield-blocker||shields||shine||shines||shining||ship||shipmasters||Ships||Shipwreck||shipwreck||Shishara||shishara||Shishi||shishi||shoals||shoddy||shop||shop-keeper||shop-keepers||shop-owner||shopkeepers||shops||shore||shoreline||shores||short||shortblade||shortsword||shortswords||shoved||show||Show||showed||showy||shrine||Shrine||shrines||Shrines||shrouds||shrub||shrubs||shrug||shuffled||shun||shuttle||sic||sick||side||sided||sidepaths||sigh||sighed||sighing||sight||sightseers||significant||significantly||signposts||signs||Sil||sil||Silence||silence||silencing||silent||Silent||silt||Silt||silver||Silverthorn||silverthorn||similar||similarities||Similarly||similiarly||Simine||simine||simple||Simple||simplest||simply||Simply||sin||since||Since||sing||singing||single||sinister||sinner's||Siruliulus||sister||sisters||site||sited||sites||sits||six||Sixth||sizable||size||sizzles||Skaal||skaal||Skar||skar||skeletal||skeleton||skeleton's||skeletons||skill||skilled||skills||skin||Skin||Skink||skink||Skink-in-Tree's-Shade||skinny||skittered||skulk||skull||skulls||sky||Skyrim||skyrim||slain||slamming||slash||slashing||slaughter||slave||Slave||slavepast||slavery||slaves||Slaves||slay||sleep||sleeping||sleeves||slew||sliced||slipped||slit||slitting||Sload||sload||slopes||sloshed||slow||slower||slowly||Slowly||sludge||slugging||slumber||small||smaller||smarter||smeared||smell||Smickett||smile||smiled||smiles||smith||Smokes||Smuggler's||smugglers||smuggling||Smuggling||Snaked||sneak||sneered||snickering||snow||so-called||soak||soaked||soap||sobriquet||social||society||soft||softly||soils||sojourn||sold||soldierly||soldiers||solemn||solitude||solution||someone||something||sometime||sometimes||somewhere||somnalius||Somnalius||Somutis||Son's||song||songs||soon||sorcerer||Sorcerer||Sorcerer-Lord||sorcerers||sorceries||Sorceries||sorceror||sorcerous||sorcery||Sorkvild's||sorkvild's||Sorrow||sorrowful||sort||Sotha||sotha||Sottilde||sottilde||Sottilde's||sought||soul||Soul||souls||sound||sounds||source||Sources||south||South||southeast||southeastern||southeasternmost||southern||southernmost||southwest||space||span||spared||sparingly||sparkling||sparring||sparse||spawned||speak||Speak||speaks||spear||Spear||Spear's||spearing||special||Special||specialists||specially||specialties||specific||Specifically||specifically||specimen||spectators||speech||speed||spell||spell's||spellcasters||spellcasting||spellcraft||spend||spies||spikes||spilling||spires||spirit||Spirit||spirit-affinitive||spirited||spirits||spiritual||splash||splendid||splendor||split||spoiled||spoken||spokesmen||sponsor||sport||sports||spot||spread||spring||springs||springtide||Sprinkle||spurt||spy||squabbling||squat||squirm||squirming||SSF||st||St||Stab||stab||stabbed||stables||stacking||staff||stained||staining||stake||stalks||stalls||stamina||stand||standards||standing||Stands||stands||star||Star||Starlover||starlover||Starlover's||stars||started||state||statement||states||station||stationed||statue||status||staves||stay||stayed||steady||steal||steals||stealth||steep||steep-sided||stems||Stendarr||stendarr||step||stepped||steps||stern||Steward||steward||Stewards||Stick||stick||sticks||Sticks||stiff||still||Still||stilled||stir||Stir||stirring||stocked||stolen||stone||Stone||stoneflower||stones||stood||stop||Stop||stopped||storage||storied||stories||storm||Storm||storms||story||straight||strain||Strain||strained||strangle||strangle-and-slash||straps||strategy||stray||streaming||streams||street||streets||strength||strengthen||strengthened||strictures||strider||strike||strikes||striking||string||strip||stripping||strive||stroke||strolling||strong||Strong||stronger||strongest||stronghold||Strongholds||strongholds||strongly||struck||structure||struggle||struggling||strut||strutting||stuck||student||students||studied||study||Study||stuff||stupidity||sturdiest||style||styles||sub||sub-cult||sub-cults||subcontinent||subject||subject's||submit||subordinate||subsequent||subsequently||substance||substances||substantial||subterranean||subtle||succeeded||success||successful||successfully||succulent||suddenly||suffer||suffered||suffering||suffers||sufficient||sugar||suggest||suggested||SUGZD||suitable||Suitable||suited||suitor||Suitors||suitors||sujamma||Sulipund||sulipund||summer||Summerset||summerset||summoned||Summoner||summoners||summoning||summonings||summons||Summurset||sun||Sunder||sung||sunlight||superhuman||superior||supernatural||superstition||supplant||supplement||supplied||supplies||supply||supplying||support||supported||supporters||supportive||supports||suppose||supposed||supposedly||Supposedly||suppressed||Suran||suran||Surane||surane||sure||surface||surfaces||surpass||surprise||surprised||surprisingly||surrounded||surrounding||survive||survived||survives||survivors||suspended||suspicion||suspicious||swamp||Swamp||swamps||sway||swear||swearing||swears||sweet||sweetmeats||swept||Swift||swift||swifter||swiftest||swiftly||swim||swimming||swing||swings||sword||swords||swore||SWSHL||syllable||Syloria||symbol||sympathies||symptoms||Synnolian||system||systematic||systematically||Table||table||Tables||tact||tactics||tail||tailors||taint||take||taken||takes||taking||Tal||Talanian||tale||talent||talk||talked||talking||tall||Talos||talos||Tamriel||tamriel||Tamrielic||tamrielic||tangible||tapped||target||target's||targets||tariffs||task||tasks||taste||tasting||tasty||taught||tavern||tax||taxes||tea||teach||teacher||Teacher||Teacher's||teachings||Tear||tear||tears||technique||teeth||Tel||tel||teleport||teleportation||tell||Tell||teller||telling||Telvanni||telvanni||Telvanni's||Telvayn||telvayn||temperament||temperate||temperature||templates||Temple||temple||Temple's||Temples||temples||temptations||ten||tend||tended||tender||tends||Teran||teran||terms||terrain||terrible||terrified||terror||Test||test||tested||testing||th||Thank||thanked||Thankfully||thanks||Tharys||tharys||That's||that's||theft||Theft||thefts||Thelegorm||thelegorm||themes||theology||Therana||Therana's||therana's||there's||There's||Thereafter||therefore||they're||thick||thief||thief's||thievery||Thieves||thieves||thing||things||think||thinks||thinly||third||thirst||Tholer||though||Though||thought||thoughtless||thousands||thrall||Thras||thras||thrash||threat||threaten||Three||three||three-faced||three-sided||three-tiered||threw||Thrice||Thrice-Sealed||thrill||thrilled||thrive||throat||throat-slashing||throats||throng||throttling||throughout||throwing||thrust||thumb||Thus||thus||thy||Tiber||tiber||tibrol||tides||tier||tier-top||tiered||tiers||ties||tight||tighter||tightly||time||time-consuming||times||timid||timing||Timsar||Timsar-Dadisun||tiny||tip||tips||titanic||toadstool||today||together||toiled||token||told||tolerance||tolerant||tolerate||tolerated||Tomasin||Tomb||tomb||tombs||tomorrow||tone||Tong||tong||tongue||Tongue||tonight||took||tools||top||top-tier||topic||torch||tore||torment||tormented||torn||torture||tortured||tortures||torturing||toss||tossed||tough||tougher||toughest||tourist||tourists||toward||towards||Tower||tower||towering||towers||town||towns||TOY||TR||tr||trace||track||trackless||tracks||Tracks||trade||tradehouse||Tradehouse||tradehouses||Trader||trader||traders||tradesmen||trading||tradition||traditional||traditionally||traditions||traffic||traffickings||tragic||trail||trails||train||trainer||trainers||training||traitors||Traitors||trajectory||trama||transcendent||transformation||transformed||transgress||transport||Transportation||trap||traps||travel||Travel||traveler||traveler's||travelers||Travelers||traveling||treachery||treasure||treasures||treasuries||Treasury||treasury||treat||treated||treatment||Treaty||tree||Tree's||tree's||trees||trembled||trespass||tribe||Tribes||tribes||tribesmen||Tribunal||tribunal||Tribunal's||Tribunes||trick||tricked||tricks||tried||Trinimac||trinimac||triolith||triumphed||triumphs||Triune||triune||Troll||troll||trooper||Troopers||troops||trouble||troubled||Troubles||troubling||troupe||true||True||Truly||truly||Truptor||truptor||trust||trusted||trusting||trustworthy||Truth||truth||truths||try||trying||tuber||tuberous||tuck||Tulkiande||tulkiande||tumbler||tumblers||tunic's||Tunifus||tunnels||Turedus||Tureynulal||tureynulal||turn||turned||turning||tutor||tutors||twelve||Twelve||Twelve-Night||twenty||twice||Twilight||twilight||twisting||Twisting||two||Two||TYLSE||types||typical||typically||TZSFHK||ugliest||ugliness||ugly||Ules||ules||Ulessen||ulessen||ultimately||Ulvul's||ulvul's||unable||unarmed||unarmored||unathletic||unavoidable||Unbeliever||unbidden||unblocked||unbound||uncertain||uncharismatic||uncomfortable||unconquerable||unconscious||unconsciously||uncoordinated||uncover||uncovered||undead||Undead||undecorated||under-strength||undercurrents||undergoing||understand||understanding||understood||undertook||undetected||undue||unfamiliar||unfortunate||Unfortunately||unfriendly||ungodly||unholy||unimportant||uninhabited||uninteresting||unique||unit||unite||units||University||university||unjust||unknown||Unlearned||unleash||unless||Unlike||unlimited||unlooked||unlooked-for||unmixed||Unnamed||unnatural||unpleasant||unquestioning||unseemly||unseen||unsheathed||unsure||untapped||unto||untruths||unusual||unwavering||unwilling||unyielding||upon||Upon||Upper||upper||upscale||upstairs||Ur||ur||Ur's||urban||Urshilaku||urshilaku||us||Use||use||used||useful||useless||user||user's||uses||using||usual||usually||Utherus||utherus||utter||uttered||utterly||Uvaren||uvaren||Uvirith||uvirith||Uvulas||uvulas||Vaden||vaden||vagabond||Vagaries||Valenwood||valenwood||valley||VALOR||Valor||valor||valuable||value||Valvius||valvius||vampire||Vampire||vampire's||Vampires||vampires||vampiric||vampirism||Vampirism||vandalistic||Vanis||vanis||vanished||vanity||vaporized||vapors||Vari||vari||Varian||varian||variation||variety||Various||various||variously||vary||varying||Vas||vas||Vasesius||vasesius||vast||vastness||vault||vaults||Vedam||vedam||vegetable||vegetation||VEHK||Vehk||Velanda||velanda||Veloth||veloth||Veloth's||Velothi||velothi||Vemynal||vemynal||veneration||Venim||venim||venture||Versidue||versidue||versions||vertically||via||viability||Viciulus||viciulus||victim||victim's||victims||victorious||victors||victory||view||viewed||vigilance||Vignum||vignum||vigor||vigorously||vile||Villa||villa||village||Village||villages||violence||violent||violently||violin||virtually||virtue||Virtues||virtues||virtuous||Virtuous||visit||Visitable||visited||visitors||visualizing||vital||vitality||Vivec||vivec||Vivec's||Voice||voice||voices||Void||void||volcanic||volcano||volcano's||Volunteer||Vomph||vomph||Voryn||Vos||vos||votes||vulnerable||Vunnis||Vvardefell||Vvardenfell||vvardenfell||Vvardenfell's||wadded||wagon||wait||Wait||waiting||Wake||wake||walk||Walk||walked||walks||wall||Wall||walled||walls||want||Want||wanted||war||War||Warding||warehouses||wares||Warfel||warm||warming||warned||warrant||warranted||Warrior||warrior||Warrior-Poet||warriors||washing||wasn't||waste||wasteland||wastelands||wastes||watch||watched||watches||watchfires||watchful||watching||water||Water||water-walk||watered||Waters||waters||waterways||waved||wax||waxy||way||ways||waysides||we'll||We'll||We're||we're||We've||we've||weak||Weak||weakened||weaker||weakest||weaklings||Weal||wealth||wealthier||wealthiest||weapon||weaponry||weapons||wear||wearer||wears||weary||Weary||weather||weaving||weeds||week||weeks||weeping||Weir||weir||welcome||welcomed||welcomes||welfare||well||Well||well-paid||well-suited||well-watered||went||weren't||West||west||Western||western||Westerner||Westerners||westmost||whatever||wheel||whenever||Whether||whether||whim||whirling||whirlwind||whispered||whispering||white||whittle||whoever||whole||whole-heartedly||whoreson||whose||wicked||wickwheat||wide||wife||wild||Wild||wilderness||wildernesses||wildflower||willing||willingly||willow||Willpower||willpower||win||wind||Wind||window||wines||Wing||wing||Winged||winged||wisdom||Wisdom||wise||Wise||wish||wished||wishes||wit's||witch||witchhunters||withdrawing||within||Within||without||withstand||withstands||wizard||wizard-lord||wizard-lords||wizard-tower||wizards||Wizards||wizards-lords||woe||woke||Wolverine||wolverine||wolves||woman||woman's||women||won||won't||wonder||wonderfully||wondrous||Wood||wood||word||words||wore||work||Work||working||workmanship||works||workshops||world||world's||worldly||worlds||worries||worry||worrying||worse||worship||Worship||worshipers||worshipper||worshippers||worst||worth||worthiness||worthy||would||Would||wouldn't||Wounded||wounded||wounds||Woven||wraith||wraithloom||Wraiths||wrap||wrath||Wrathmen||wrestled||write||writing||writings||written||wrong||wrote||Wulfharth||wulfharth||XKH||Yakin||yakin||yam||yams||year||yearbook||yearned||years||Yeherradad's||yeherradad's||yellow||Yellow||Yellows||yes||Yes||Yesamsi||yesamsi||yet||Yet||Ygfa||yield||yielded||Yngling||yngling||Yolivess||you'd||You'd||you'll||you're||You're||young||Young||youngest||youth||ZAFL||Zainab||Zebavi||zebavi||Zenithar||zenithar||Zombel||zombie||zombies||ZQG|